Firstname,Lastname,Display name,Tel number,user logon name
Ali,Alimi,علی علیمی,98765432,0928147854
Ali,Alimi,علی علیمی,98765432,0928147854
Ali,Alimi,علی علیمی,98765432,0928147854
Ali,Alimi,علی علیمی,98765432,0928147854
Ali,Alimi,علی علیمی,98765432,0928147854
Ali,Alimi,علی علیمی,98765432,0928147854
Ali,Alimi,علی علیمی,98765432,0928147854
Ali,Alimi,علی علیمی,98765432,0928147854
Ali,Alimi,علی علیمی,98765432,0928147854
Ali,Alimi,علی علیمی,98765432,0928147854
Ali,Alimi,علی علیمی,98765432,0928147854
Ali,Alimi,علی علیمی,98765432,0928147854
Ali,Alimi,علی علیمی,98765432,0928147854
Ali,Alimi,علی علیمی,98765432,0928147854
Ali,Alimi,علی علیمی,98765432,0928147854
Ali,Alimi,علی علیمی,98765432,0928147854
Ali,Alimi,علی علیمی,98765432,0928147854
Ali,Alimi,علی علیمی,98765432,0928147854
Ali,Alimi,علی علیمی,98765432,0928147854
Ali,Alimi,علی علیمی,98765432,0928147854
Ali,Alimi,علی علیمی,98765432,0928147854